Вид транспорта;Класс ТС;Транспорт;Пробег,км;Пробег по ПЛ, км;delta Пробег;delta Пробег, % (Пробег/ПЛ);Время в наряде, ч;Время ДВС, ч;Время работы по ПЛ, ч;delta Работа;delta Работа, % (ДВС/Пробег ПЛ);Факт. расход, л;Расход по ПЛ, л;delta Расход;delta Расход, % (Факт/ПЛ);Заправки, л;Заправки по ПЛ, л;delta Заправки;delta Заправки, % (Факт/ПЛ);Время ДО, ч;Работа ДО по ПЛ, ч;delta ДО;delta ДО, % (Факт/ПЛ)
Автотранспорт;Лаборатория с ДЭС;Камаз_лаб-ия_к807ху_174397;511,8;4 812,0;-4 300,2;89,36400846192;7 288,5;110,45;1 212,62;-1 102,2;0,908915980593;3 008,3;5 988,1;-2 979,8;0,4976222777466;3 034,6;4 383,0;-1 348,4;0,3076431667807;3 290,4;398,7;2 891,7;-725,4%
Спецтехника;Бульдозер;SHANTUI SD16F(63)_ак7315_174336;0,0;0,0;0,0;0,00000000000;3 457,0;2 480,51;844,00;1 636,5;-1,938993878357;9 411,8;29 642,7;-20 230,9;0,6824912752402;9 317,0;29 747,2;-20 430,2;0,6867935247578;Нет ДО;78,5;-;-
Спецтехника;Бульдозер;ZOOMLION ZD160S-3(70)_ак4965_бульд_174215;0,0;0,0;0,0;0,00000000000;2 233,0;912,62;810,00;102,6;-0,126687585734;156,4;17 195,7;-17 039,3;0,9909046976306;290,8;17 494,0;-17 203,2;0,9833771578827;Нет ДО;71,3;-;-
Спецтехника;Бульдозер;SHANTUI SD16F(64)_ак7316_174398;0,0;0,0;0,0;0,00000000000;3 669,0;2 554,53;863,00;1 691,5;-1,960057615553;8 625,5;27 891,2;-19 265,7;0,6907451945485;8 542,0;27 764,0;-19 222,0;0,6923353983576;Нет ДО;71,2;-;-
Спецтехника;Бульдозер;SHANTUI SD17(67)_ан0138_175716;0,0;0,0;0,0;0,00000000000;3 414,6;2 222,50;830,00;1 392,5;-1,677706492637;6 245,6;24 103,0;-17 857,4;0,7408783294810;6 145,4;23 723,0;-17 577,6;0,7409518189099;Нет ДО;66,5;-;-
Спецтехника;Бульдозер;SHANTUI SD16F(61)_ае5298_174035;0,0;0,0;0,0;0,00000000000;3 338,0;1 859,44;663,00;1 196,4;-1,804586475616;4 519,3;24 306,6;-19 787,3;0,8140706928791;4 739,2;24 142,0;-19 402,8;0,8036948057327;Нет ДО;59,9;-;-
Спецтехника;Бульдозер;ZOOMLION ZD160S-3(74)_ае8881_174147;0,0;0,0;0,0;0,00000000000;1 388,0;766,06;732,00;34,1;-0,046536505768;8,6;9 928,7;-9 920,1;0,9991338267835;139,8;10 154,0;-10 014,2;0,9862320267875;Нет ДО;54,0;-;-
Спецтехника;Бульдозер;ZOOMLION ZD160S-3(71)_ак4966_бульд_174214;0,0;0,0;0,0;0,00000000000;2 233,0;1 271,77;941,00;330,8;-0,351512575275;262,2;11 971,2;-11 709,0;0,9780974338412;319,9;12 255,0;-11 935,1;0,9738963688290;Нет ДО;46,3;-;-
Спецтехника;Буровая установка;МТЧ_урб_101_рт2069_168989;0,0;0,0;0,0;0,00000000000;3 224,0;1 095,86;409,00;686,9;-1,679367698995;1 985,4;12 040,7;-10 055,3;0,8351092544453;1 992,8;12 271,9;-10 279,1;0,8376127576007;Нет ДО;45,9;-;-
Спецтехника;Бульдозер;ZOOMLION ZD160S-3(72)_ак4968_174218;0,0;0,0;0,0;0,00000000000;2 228,0;275,52;713,00;-437,5;0,613570204145;245,9;12 827,1;-12 581,2;0,9808296198355;314,3;12 945,0;-12 630,7;0,9757203553496;Нет ДО;43,6;-;-
Спецтехника;Буровая установка;МТЧ_урб_26_тв0994_157038;0,0;0,0;0,0;0,00000000000;2 840,0;515,59;363,00;152,6;-0,420345117845;1 947,7;11 049,2;-9 101,5;0,8237247945553;2 022,2;11 169,9;-9 147,7;0,8189598832577;Нет ДО;42,5;-;-
Спецтехника;Бульдозер;ZOOMLION ZD160S-3(65)_ак8734_174450;0,0;0,0;0,0;0,00000000000;2 395,9;77,42;649,00;-571,6;0,880710494778;984,1;13 905,1;-12 921,0;0,9292273330621;899,3;14 004,0;-13 104,7;0,9357826335333;Нет ДО;42,4;-;-
Спецтехника;Буровая установка;МТЧ_урб_19_от4122_156086;0,0;0,0;0,0;0,00000000000;2 831,0;768,73;404,00;364,7;-0,902786716172;743,6;11 356,3;-10 612,7;0,9345209267103;891,5;11 570,0;-10 678,5;0,9229469444552;Нет ДО;41,7;-;-
Спецтехника;Буровая установка;МТЧ_урб_123_тв0970_156814;0,0;0,0;0,0;0,00000000000;3 079,0;1 020,84;364,00;656,8;-1,804509310134;2 607,5;11 684,4;-9 076,9;0,7768392044093;2 697,6;11 754,8;-9 057,2;0,7705107700684;Нет ДО;41,6;-;-
Спецтехника;Буровая установка;МТЧ_урб_24_ер4025_165418;0,0;0,0;0,0;0,00000000000;1 710,0;550,19;348,00;202,2;-0,581005747126;373,3;7 725,3;-7 352,0;0,9516785021760;438,2;7 989,7;-7 551,5;0,9451546608525;Нет ДО;40,5;-;-
Спецтехника;Буровая установка;МТЧ_урб_12_тв0925_156610;0,0;0,0;0,0;0,00000000000;3 274,0;1 030,32;368,00;662,3;-1,799784873188;2 447,4;12 439,0;-9 991,6;0,8032473749836;2 426,2;12 562,8;-10 136,6;0,8068742636992;Нет ДО;40,1;-;-
Спецтехника;Буровая установка;МТЧ_урб_20_от4189_156223;0,0;0,0;0,0;0,00000000000;2 754,4;197,59;394,00;-196,4;0,498513818387;181,9;9 944,8;-9 762,9;0,9817089725584;399,9;10 118,5;-9 718,6;0,9604784185657;Нет ДО;39,6;-;-
Спецтехника;Бульдозер;SHANTUI SD16F(62)_ае5297_174034;0,0;0,0;0,0;0,00000000000;2 765,0;1 218,36;427,00;791,4;-1,853291699193;7 827,0;18 255,1;-10 428,1;0,5712421651860;8 029,3;18 319,0;-10 289,7;0,5616955073967;Нет ДО;39,5;-;-
Спецтехника;Буровая установка;МТЧ_урб_02_ох7467_168797;0,0;0,0;0,0;0,00000000000;2 592,0;328,43;362,00;-33,6;0,092734806630;271,3;9 755,9;-9 484,6;0,9721913293939;394,2;9 881,0;-9 486,8;0,9601052525048;Нет ДО;39,1;-;-
Спецтехника;Буровая установка;МТЧ_урб_11_ер4005_165140;0,0;0,0;0,0;0,00000000000;3 154,0;1 060,75;372,00;688,7;-1,851476254480;1 915,5;11 979,6;-10 064,1;0,8401025080241;1 971,8;12 122,4;-10 150,6;0,8373424404408;Нет ДО;39,1;-;-
Спецтехника;Буровая установка;МТЧ_урб_03_рт3296_168997;0,0;0,0;0,0;0,00000000000;2 558,0;655,36;326,00;329,4;-1,010294819359;174,8;8 153,4;-7 978,6;0,9785609596056;391,1;8 326,0;-7 934,9;0,9530266634638;Нет ДО;36,9;-;-
Спецтехника;Буровая установка;МТЧ_урб_01_ох7471_168796;0,0;0,0;0,0;0,00000000000;3 295,3;877,66;333,00;544,7;-1,635620620621;1 925,3;11 141,8;-9 216,5;0,8272006605740;2 075,1;11 136,0;-9 060,9;0,8136584051724;Нет ДО;35,5;-;-
Спецтехника;Буровая установка;МТЧ_урб_109_ох7500_168847;0,0;0,0;0,0;0,00000000000;3 320,0;1 053,88;334,00;719,9;-2,155315202927;1 840,3;10 668,7;-8 828,4;0,8275047569057;1 871,3;10 864,0;-8 992,7;0,8277522091311;Нет ДО;34,9;-;-
Спецтехника;Буровая установка;МТЧ_урб_17_от4124_156051;0,0;0,0;0,0;0,00000000000;3 272,0;892,22;370,00;522,2;-1,411406156156;1 617,4;10 967,9;-9 350,5;0,8525326294579;1 728,8;11 831,1;-10 102,3;0,8538760296001;Нет ДО;34,4;-;-
Спецтехника;Буровая установка;МТЧ_урб_05_рт2072_168986;0,0;0,0;0,0;0,00000000000;3 303,4;349,31;490,00;-140,7;0,287113945578;1 191,9;10 731,7;-9 539,7;0,8889359977264;1 208,5;10 909,7;-9 701,2;0,8892270181582;Нет ДО;33,9;-;-
Спецтехника;Буровая установка;МТЧ_урб_23_тв0995_157133;0,0;0,0;0,0;0,00000000000;2 915,0;778,36;283,00;495,4;-1,750394581861;1 659,4;10 812,4;-9 153,0;0,8465279894048;1 772,8;10 993,4;-9 220,6;0,8387388739556;Нет ДО;33,7;-;-
Спецтехника;Буровая установка;МТЧ_урб_16_от4077_155727;0,0;0,0;0,0;0,00000000000;3 168,0;887,60;313,00;574,6;-1,835766773163;1 707,0;11 160,8;-9 453,8;0,8470538718465;1 806,6;11 294,7;-9 488,1;0,8400485892473;Нет ДО;33,6;-;-
Спецтехника;Буровая установка;МТЧ_урб_25_та0997_157135;0,0;0,0;0,0;0,00000000000;2 757,0;1 044,83;330,00;714,8;-2,166138888889;1 591,6;10 057,4;-8 465,8;0,8417483643884;1 721,9;10 231,8;-8 509,9;0,8317109404015;Нет ДО;33,2;-;-
Спецтехника;Бульдозер;SHANTUI SD16F(66)_ае5284_174004;0,0;0,0;0,0;0,00000000000;3 175,0;810,56;420,00;390,6;-0,929899470899;2 651,2;16 723,9;-14 072,7;0,8414720994602;2 619,9;16 246,0;-13 626,1;0,8387356887849;Нет ДО;32,7;-;-
Спецтехника;Буровая установка;МТЧ_урб_18_от4121_156052;0,0;0,0;0,0;0,00000000000;3 167,0;346,60;303,00;43,6;-0,143877887789;1 652,2;12 210,5;-10 558,3;0,8646906688811;1 817,4;12 348,7;-10 531,3;0,8528266133277;Нет ДО;31,7;-;-
Спецтехника;Буровая установка;МТЧ_урб_10_ер9836_167092;0,0;0,0;0,0;0,00000000000;4 419,9;781,90;251,00;530,9;-2,115135015494;2 095,3;13 192,3;-11 097,0;0,8411720038119;2 268,8;13 383,1;-11 114,3;0,8304731725189;Нет ДО;31,6;-;-
Спецтехника;Машина трелевочная;МТЧ_трелев_60_ам3687_084961;0,0;0,0;0,0;0,00000000000;3 826,0;431,80;301,00;130,8;-0,434560723514;854,5;13 518,9;-12 664,4;0,9367921478760;718,2;13 204,0;-12 485,8;0,9456073916995;Нет ДО;30,9;-;-
Спецтехника;Буровая установка;МТЧ_урб_15_от4074_155725;0,0;0,0;0,0;0,00000000000;3 405,0;377,85;366,00;11,8;-0,032374772313;1 522,0;9 587,4;-8 065,4;0,8412491460101;1 640,6;10 311,6;-8 671,0;0,8408976298538;Нет ДО;29,9;-;-
Автотранспорт;Лаборатория с ДЭС;Камаз_лаб-ия(дэс)_е066ех_173468;955,0;2 509,0;-1 554,0;6193,73732031850;3 121,0;67,15;263,60;-196,5;0,745257966616;1 475,9;2 296,1;-820,2;0,3572176064128;1 646,1;2 149,3;-503,2;0,2341227376355;989,1;29,3;959,9;-3281,6%
Спецтехника;Буровая установка;МТЧ_урб_121_ер9832_167088;0,0;0,0;0,0;0,00000000000;1 236,0;495,76;221,00;274,8;-1,243257918552;477,1;5 032,8;-4 555,7;0,9052009338831;457,4;5 918,0;-5 460,6;0,9227103751267;Нет ДО;26,3;-;-
Спецтехника;Снегоболотоход;МТЛБ_17_та2401_082411;0,0;0,0;0,0;0,00000000000;2 146,0;1 101,59;573,00;528,6;-0,922493697886;277,1;10 510,5;-10 233,4;0,9736358879216;180,7;10 695,0;-10 514,3;0,9831042543245;Нет ДО;26,2;-;-
Спецтехника;Машина трелевочная;МТЧ_трелев_59_ам3689_084962;0,0;0,0;0,0;0,00000000000;3 083,0;425,46;283,00;142,5;-0,503395170789;1 291,0;12 753,8;-11 462,8;0,8987748701362;1 196,9;12 927,8;-11 730,9;0,9074167183640;Нет ДО;24,2;-;-
Спецтехника;Буровая установка;МТЧ_урб_06_рт3299_169001;0,0;0,0;0,0;0,00000000000;2 971,0;818,20;218,00;600,2;-2,753226299694;1 981,6;8 523,8;-6 542,2;0,7675201642470;2 075,9;8 587,7;-6 511,8;0,7582716756679;Нет ДО;22,9;-;-
Спецтехника;Бульдозер;ZOOMLION ZD160S-3(73)_ак4971_174217;0,0;0,0;0,0;0,00000000000;882,0;297,05;408,00;-110,9;0,271926742919;10,4;4 350,7;-4 340,3;0,9976095965505;219,3;4 469,0;-4 249,7;0,9509286193779;Нет ДО;20,3;-;-
Спецтехника;Буровая установка;МТЧ_урб_21_от4191_156222;0,0;0,0;0,0;0,00000000000;965,0;477,15;175,00;302,1;-1,726557142857;197,5;4 961,4;-4 763,9;0,9601922863737;175,0;5 085,4;-4 910,4;0,9655874226946;Нет ДО;20,0;-;-
Спецтехника;Снегоболотоход;МТЛБ_22_ер9863_083445;0,0;0,0;0,0;0,00000000000;3 735,1;1 092,49;341,00;751,5;-2,203794395569;4 529,1;11 846,7;-7 317,6;0,6176893889834;4 878,6;12 193,0;-7 314,4;0,5998851800213;Нет ДО;18,0;-;-
Спецтехника;Бульдозер;Б10м_бульд_от4028_155283;0,0;0,0;0,0;0,00000000000;3 456,0;813,76;295,00;518,8;-1,758516007533;2 818,5;8 305,2;-5 486,7;0,6606359358670;3 084,9;8 721,0;-5 636,1;0,6462676298590;Нет ДО;17,7;-;-
Спецтехника;ДЭС;ДЭС-15_160536;0,0;0,0;0,0;0,00000000000;2 748,0;2 639,79;932,00;1 707,8;-1,832387339056;605,7;3 640,9;-3 035,2;0,8336400340575;426,2;3 884,0;-3 457,8;0,8902677651905;Нет ДО;15,9;-;-
Автотранспорт;Автоцистерна;Камаз_ац_у365ув_083746;5 697,6;5 944,2;-246,6;0,04148134514;4 605,6;308,97;908,00;-599,0;0,659721916300;2 272,8;6 999,7;-4 726,9;0,6752994422602;2 098,0;8 047,2;-5 949,2;0,7392891715534;311,9;15,8;296,1;-1874,0%
Спецтехника;ДЭС;ДЭС-500_174593;0,0;0,0;0,0;0,00000000000;2 114,0;2 079,06;830,00;1 249,1;-1,504887215529;1 400,2;138 677,7;-137 277,5;0,9899032072208;1 639,0;139 654,7;-138 015,7;0,9882639109174;Нет ДО;13,8;-;-
Спецтехника;ДЭС;ДЭС-30_154740;0,0;0,0;0,0;0,00000000000;2 346,0;2 225,33;822,00;1 403,3;-1,707219856718;582,8;11 842,0;-11 259,2;0,9507853403141;525,6;11 836,0;-11 310,4;0,9555931057790;Нет ДО;13,7;-;-
Спецтехника;Буровая установка;МТЧ_урб_106_ох2264_168161;0,0;0,0;0,0;0,00000000000;2 350,0;572,58;190,00;382,6;-2,013567251462;1 192,9;6 168,7;-4 975,8;0,8066189522829;1 151,7;6 092,0;-4 940,3;0,8109487852922;Нет ДО;13,7;-;-
Автотранспорт;Автоцистерна;Камаз_ац_р605нм_082535;3 672,9;3 546,0;126,9;-0,03577924046;2 302,0;829,64;739,00;90,6;-0,122647722147;310,7;4 758,1;-4 447,4;0,9347006887217;437,6;4 905,9;-4 468,3;0,9108020073625;157,8;13,3;144,5;-1083,4%
Спецтехника;Буровая установка;МТЧ_урб_07_ох7501_168848;0,0;0,0;0,0;0,00000000000;2 936,0;493,94;130,00;363,9;-2,799553418803;1 721,0;6 115,6;-4 394,6;0,7185885276997;1 784,8;6 244,6;-4 459,8;0,7141827673732;Нет ДО;13,2;-;-
Спецтехника;Снегоболотоход;МТЛБ_6_тв8619_082281;0,0;0,0;0,0;0,00000000000;2 479,9;576,54;342,00;234,5;-0,685786224821;1 559,7;7 978,3;-6 418,6;0,8045084509955;1 274,6;8 110,4;-6 835,8;0,8428443097951;Нет ДО;13,0;-;-
Автотранспорт;Шасси;Камаз_АТЗ_м092хн_085055;11 693,0;8 400,2;3 292,8;-0,39199537307;2 773,6;1 094,51;865,00;229,5;-0,265329479769;1 795,9;7 724,4;-5 928,5;0,7675024357936;2 093,0;7 671,2;-5 578,2;0,7271613306914;0,0;10,9;-10,9;100,0%
Автотранспорт;Бортовой с КМУ;Камаз_борт с КМУ_р087ум_081829;3 317,1;4 395,6;-1 078,5;0,24536520789;1 943,2;513,12;799,00;-285,9;0,357796898901;169,0;4 497,3;-4 328,3;0,9624222485192;0,0;4 448,0;-4 448,0;1,0000000000000;459,5;10,4;449,1;-4318,5%
Автотранспорт;Шасси;Камаз_АТЗ_х690ту_083933;72,8;74,0;-1,2;0,01667634200;3 944,0;383,77;1 316,60;-932,8;0,708517941837;618,9;1 137,6;-518,7;0,4559503507446;521,7;800,0;-278,3;0,3478750000000;129,8;9,1;120,7;-1330,4%
Автотранспорт;Шасси;Камаз_АТЗ_р244хр_081913;4 736,9;4 978,0;-241,1;0,04843625908;2 350,0;810,96;705,00;106,0;-0,150293144208;1 326,1;4 446,3;-3 120,2;0,7017533600820;1 225,4;4 631,0;-3 405,6;0,7353919239905;0,0;8,3;-8,3;100,0%
Спецтехника;Снегоболотоход;Газ_сбход_27_от4161_081267;0,0;0,0;0,0;0,00000000000;3 480,6;2 018,19;690,00;1 328,2;-1,924908212560;863,6;3 334,3;-2 470,7;0,7409962211121;904,1;3 615,7;-2 711,6;0,7499525879099;0,0;6,7;-6,7;100,0%
Спецтехника;Сварочный агрегат;АДД155827 в  Газ_сбход_26_ от4161_081267;0,0;0,0;0,0;0,00000000000;3 480,6;8,36;690,00;-681,6;0,987878824477;0,0;3 334,3;-3 334,3;1,0000000000000;0,0;3 615,7;-3 615,7;1,0000000000000;Нет ДО;6,7;-;-
Автотранспорт;Бортовой с КМУ;Камаз_борт С КМУ_р642уо_083635;7 202,0;8 017,4;-815,4;0,10170832926;3 720,6;1 038,94;600,00;438,9;-0,731560185185;2 770,5;7 035,0;-4 264,5;0,6061848243347;2 482,8;6 956,0;-4 473,2;0,6430707303048;1 525,0;6,6;1 518,5;-23065,2%
Спецтехника;Снегоболотоход;МТЛБ_16_0532мм_083895;0,0;0,0;0,0;0,00000000000;506,0;0,00;80,50;-80,5;1,000000000000;131,0;1 934,9;-1 803,9;0,9322958053117;0,0;2 013,5;-2 013,5;1,0000000000000;Нет ДО;6,3;-;-
Автотранспорт;Шасси;Камаз_АТЗ_м077ур_085044;4 949,3;5 514,8;-565,5;0,10253778198;1 012,8;408,91;335,00;73,9;-0,220635157546;0,0;4 075,0;-4 075,0;1,0000000000000;0,0;4 195,6;-4 195,6;1,0000000000000;Нет ДО;6,0;-;-
Спецтехника;Снегоболотоход;МТЛБ_11_мм0528_083884;0,0;0,0;0,0;0,00000000000;694,7;217,10;98,00;119,1;-1,215303287982;261,5;2 577,9;-2 316,4;0,8985608440979;0,0;2 614,1;-2 614,1;1,0000000000000;Нет ДО;6,0;-;-
Спецтехника;Буровая установка;МТЧ_урб_09_ер9161_162861;0,0;0,0;0,0;0,00000000000;1 325,0;131,92;49,00;82,9;-1,692216553288;1 125,8;2 214,4;-1 088,6;0,4916004335260;1 127,0;2 348,9;-1 221,9;0,5201907316346;Нет ДО;5,9;-;-
Спецтехника;ДЭС;ДЭС-200_170050;0,0;0,0;0,0;0,00000000000;1 415,0;1 272,40;349,00;923,4;-2,645849251831;8 807,2;39 973,0;-31 165,8;0,7796712781127;8 789,6;40 191,0;-31 401,4;0,7813042721007;Нет ДО;5,8;-;-
Спецтехника;Снегоболотоход;МТЛБ_18_та2449_082284;0,0;0,0;0,0;0,00000000000;507,7;196,81;102,00;94,8;-0,929509803922;311,8;2 593,2;-2 281,4;0,8797624556532;163,6;2 494,4;-2 330,8;0,9344138365500;Нет ДО;5,7;-;-
Спецтехника;Снегоболотоход;МТЛБ_5_ер4007_82600;0,0;0,0;0,0;0,00000000000;556,1;188,19;103,00;85,2;-0,827117044229;271,3;2 312,0;-2 040,7;0,8826531715651;194,8;2 377,0;-2 182,2;0,9180479596130;Нет ДО;5,6;-;-
Спецтехника;Сейсмический вибратор;НОМАД 65 СВ_7348ак_174426;0,0;0,0;0,0;0,00000000000;3 528,0;2 824,26;392,00;2 432,3;-6,204752692744;36 175,0;54 024,4;-17 849,4;0,3303951547819;35 994,5;37 186,0;-1 191,5;0,0320416285699;0,0;5,6;-5,6;100,0%
Автотранспорт;Автомобиль специальный;Камаз_кран_к725хс_174400;1 875,8;1 958,0;-82,2;0,04198783150;4 106,0;1 128,67;655,00;473,7;-0,723155216285;1 670,4;4 906,5;-3 236,1;0,6595557349084;1 700,1;4 666,0;-2 965,9;0,6356408058294;1 745,0;5,4;1 739,6;-32115,6%
Автотранспорт;Шасси;Камаз_АТЗ_м226ур_085040;1 288,9;1 554,0;-265,1;0,17056679828;1 900,2;589,81;497,00;92,8;-0,186741001565;0,0;2 186,4;-2 186,4;1,0000000000000;0,0;2 142,0;-2 142,0;1,0000000000000;81,5;5,4;76,1;-1409,2%
Спецтехника;Сейсмический вибратор;НОМАД 65 СВ_7350ак_174424;0,0;0,0;0,0;0,00000000000;3 221,0;2 734,64;401,00;2 333,6;-5,819551122195;36 897,6;55 235,6;-18 338,0;0,3319960315449;36 592,8;38 014,0;-1 421,2;0,0373862261272;0,0;5,0;-5,0;100,0%
Спецтехника;Сейсмический вибратор;НОМАД 65 СВ_0701ае_173552;0,0;0,0;0,0;0,00000000000;3 395,0;2 665,93;413,00;2 252,9;-5,455039009954;32 742,3;51 632,8;-18 890,5;0,3658623975457;32 411,3;35 153,0;-2 741,7;0,0779933433846;0,0;4,5;-4,5;100,0%
Спецтехника;Машина трелевочная;МТЧ_трелев_2_ ам3688_084963;0,0;0,0;0,0;0,00000000000;1 804,0;294,01;53,00;241,0;-4,547332285115;1 249,2;3 306,4;-2 057,2;0,6221918437957;1 274,1;3 507,6;-2 233,5;0,6367632846110;Нет ДО;4,4;-;-
Автотранспорт;Шасси;Камаз_АТЗ_р569ре_080909;252,8;267,2;-14,4;0,05398299739;1 664,6;519,42;343,00;176,4;-0,514354551344;907,2;1 837,2;-930,0;0,5061964937338;905,9;1 760,4;-854,5;0,4854010452170;136,6;4,2;132,4;-3191,0%
Спецтехника;Сейсмический вибратор;НОМАД 65 СВ_4975ак_174243;0,0;0,0;0,0;0,00000000000;2 114,0;1 626,82;364,00;1 262,8;-3,469297161172;15 788,5;27 238,2;-11 449,7;0,4203534381006;15 808,0;17 743,0;-1 935,0;0,1090570929381;0,0;4,1;-4,1;100,0%
Спецтехника;Снегоболотоход;Газ-34039_сбход_3679ам_084958;0,0;0,0;0,0;0,00000000000;1 977,0;763,12;673,00;90,1;-0,133911177150;602,8;4 253,5;-3 650,7;0,8582810821232;537,1;4 191,0;-3 653,9;0,8718444285373;Нет ДО;4,0;-;-
Спецтехника;Сейсмический вибратор;НОМАД 65 СВ_4981ак_174335;0,0;0,0;0,0;0,00000000000;3 595,0;2 225,65;353,00;1 872,6;-5,304948851117;37 567,7;52 120,9;-14 553,2;0,2792200441665;37 387,6;33 233,0;4 154,6;-0,1250142930220;0,0;3,9;-3,9;100,0%
Спецтехника;Сейсмический вибратор;НОМАД 65 СВ_2514мк_157751;0,0;0,0;0,0;0,00000000000;2 794,0;1 710,47;216,00;1 494,5;-6,918829732510;29 596,8;39 539,3;-9 942,5;0,2514586752927;29 542,2;22 451,0;7 091,2;-0,3158523005657;0,0;3,8;-3,8;100,0%
Спецтехника;Снегоболотоход;МТЛБ_19_мк7313_083284;0,0;0,0;0,0;0,00000000000;280,4;90,22;74,00;16,2;-0,219136636637;227,4;776,9;-549,5;0,7072793975671;278,7;809,6;-530,9;0,6557437797777;Нет ДО;3,7;-;-
Спецтехника;Снегоболотоход;МТЛБ_101_от2679_081701;0,0;0,0;0,0;0,00000000000;495,7;213,50;64,00;149,5;-2,335954861111;0,0;1 667,3;-1 667,3;1,0000000000000;0,0;1 691,4;-1 691,4;1,0000000000000;Нет ДО;3,3;-;-
Спецтехника;Бульдозер;SHANTUI SD17(68)_ан0137_175717;0,0;0,0;0,0;0,00000000000;2 472,1;812,88;47,00;765,9;-16,295242316785;3 758,1;11 364,8;-7 606,7;0,6693213940574;3 665,8;11 482,6;-7 816,8;0,6807522227387;Нет ДО;3,1;-;-
Спецтехника;Сейсмический вибратор;НОМАД 65 СВ_4972ак_174240;0,0;0,0;0,0;0,00000000000;2 728,0;1 933,57;277,00;1 656,6;-5,980412154031;27 811,7;34 756,8;-6 945,1;0,1998198913594;27 664,4;16 031,0;11 633,4;-0,7256814921090;0,0;2,9;-2,9;100,0%
Спецтехника;Снегоболотоход;Газ-34039_сбход_3697ам_084979;0,0;0,0;0,0;0,00000000000;1 278,0;1 138,50;472,00;666,5;-1,412078625235;219,2;2 618,9;-2 399,7;0,9163007369506;0,0;2 901,0;-2 901,0;1,0000000000000;Нет ДО;2,9;-;-
Автотранспорт;Легковой;Рено Дастер_легк_е675ех_084799;29 162,1;28 031,0;1 131,1;-0,04035339764;1 446,0;678,13;312,33;365,8;-1,171160618997;1 283,5;3 091,0;-1 807,5;0,5847675863140;1 330,8;2 784,2;-1 453,4;0,5220188132361;Нет ДО;2,8;-;-
Автотранспорт;Шасси;Камаз_АТЗ_а484ха_084581;11 101,2;10 981,0;120,2;-0,01094572772;2 085,0;1 173,04;579,88;593,2;-1,022891577808;4 129,7;6 533,8;-2 404,1;0,3679472404225;4 140,3;4 885,0;-744,7;0,1524462640737;338,6;2,6;336,1;-13101,5%
Автотранспорт;Легковой;Рено Дастер_легк_а384ха_084565;19 261,0;17 956,0;1 305,0;-0,07267906617;969,0;386,55;310,42;76,1;-0,245263534676;460,9;1 978,6;-1 517,7;0,7670516287180;464,0;1 971,0;-1 507,0;0,7645865043125;Нет ДО;2,3;-;-
Автотранспорт;Легковой;Рено Дастер_легк_к796хс_084905;9 688,2;9 867,0;-178,8;0,01811820661;1 173,0;647,19;284,00;363,2;-1,278843896714;792,0;1 264,8;-472,8;0,3737942376419;777,8;1 265,0;-487,2;0,3851383399209;Нет ДО;1,9;-;-
Спецтехника;Снегоболотоход;МТЛБ_8_7320мк_083278;0,0;0,0;0,0;0,00000000000;116,0;8,02;28,00;-20,0;0,713501984127;0,0;448,4;-448,4;1,0000000000000;0,0;619,0;-619,0;1,0000000000000;Нет ДО;1,8;-;-
Спецтехника;Снегоболотоход;МТЛБ_28_мк7314_083283;0,0;0,0;0,0;0,00000000000;89,5;1,95;28,00;-26,0;0,930228174603;21,1;258,8;-237,7;0,9184777359220;0,0;311,5;-311,5;1,0000000000000;Нет ДО;1,5;-;-
Спецтехника;Снегоболотоход;Газ_сбход_26_от4045_082547;0,0;0,0;0,0;0,00000000000;2 640,8;1 066,80;158,65;908,2;-5,724370905945;112,6;1 741,9;-1 629,3;0,9353585916094;108,4;1 737,4;-1 629,0;0,9376064200245;0,0;1,4;-1,4;100,0%
Спецтехника;Снегоболотоход;МТЛБ_9_тв8625_082274;0,0;0,0;0,0;0,00000000000;158,0;16,08;99,00;-82,9;0,837623456790;0,0;323,4;-323,4;1,0000000000000;0,0;206,0;-206,0;1,0000000000000;Нет ДО;1,3;-;-
Спецтехника;Снегоболотоход;МТЛБ_116_мк7330_083324;0,0;0,0;0,0;0,00000000000;302,6;65,51;81,00;-15,5;0,191193415638;154,0;568,5;-414,5;0,7291116974494;126,8;630,4;-503,6;0,7988669839112;Нет ДО;1,2;-;-
Автотранспорт;Шасси;Урал_АТЗ_р882нм_080988;53,5;48,7;4,8;-0,09827986572;299,9;49,13;164,00;-114,9;0,700399728997;0,0;121,7;-121,7;1,0000000000000;0,0;160,1;-160,1;1,0000000000000;0,0;1,2;-1,2;100,0%
Спецтехника;Бульдозер;ТМ10_бульд_6237мк_165992;0,0;0,0;0,0;0,00000000000;804,0;140,23;34,50;105,7;-3,064685990338;528,8;1 321,3;-792,5;0,5997880874896;481,1;1 409,0;-927,9;0,6585521646558;Нет ДО;1,1;-;-
Спецтехника;Снегоболотоход;МТЛБ_20_ер9805_083408;0,0;0,0;0,0;0,00000000000;118,0;47,42;63,00;-15,6;0,247328042328;238,4;305,6;-67,2;0,2197676321388;370,6;410,0;-39,4;0,0960975609756;Нет ДО;0,9;-;-
Спецтехника;Снегоболотоход;МТЛБ_111_мк6282 _083831;0,0;0,0;0,0;0,00000000000;146,9;55,45;64,00;-8,6;0,133628472222;189,2;286,7;-97,5;0,3399616256759;126,6;381,9;-255,3;0,6684779050737;Нет ДО;0,9;-;-
Автотранспорт;Бортовой с КМУ;Камаз_борт С КМУ_а446ем_084003;17 650,3;17 885,0;-234,7;0,01312445647;1 967,0;728,80;340,17;388,6;-1,142492242365;4 647,3;8 482,3;-3 835,0;0,4521179397097;4 568,0;5 723,0;-1 155,0;0,2018172287262;203,5;0,8;202,6;-24915,1%
Спецтехника;Снегоболотоход;МТЛБ_124_мк7310_083342;0,0;0,0;0,0;0,00000000000;169,3;71,10;70,25;0,9;-0,012143139581;208,8;328,1;-119,3;0,3636571428571;334,9;481,5;-146,6;0,3044652128764;Нет ДО;0,8;-;-
Автотранспорт;Автоцистерна;Камаз_ац_т584ем_083296;4 058,1;4 025,0;33,1;-0,00821742841;860,0;326,95;217,23;109,7;-0,505080302798;1 411,8;2 405,2;-993,4;0,4130217861301;1 201,4;1 862,0;-660,6;0,3547798066595;Нет ДО;0,7;-;-
Автотранспорт;Шасси;Камаз_АТЗ_м371ур_085043;5 544,4;6 191,0;-646,6;0,10443527706;797,0;303,26;287,00;16,3;-0,056664730933;56,0;3 620,8;-3 564,8;0,9845338901133;69,0;3 806,8;-3 737,8;0,9818745402963;0,0;0,7;-0,7;100,0%
Спецтехника;ДЭС;ДЭС-150_168478;0,0;0,0;0,0;0,00000000000;907,0;997,90;38,00;959,9;-25,260497076023;25 069,5;27 703,0;-2 633,5;0,0950619066527;24 977,1;28 014,0;-3 036,9;0,1084065110302;Нет ДО;0,6;-;-
Спецтехника;Бульдозер;ТМ10_бульд_7349мк_166154;0,0;0,0;0,0;0,00000000000;961,3;199,88;23,10;176,8;-7,652645502646;1 675,7;2 414,8;-739,1;0,3060791064731;1 690,7;2 377,0;-686,3;0,2887252839714;Нет ДО;0,6;-;-
Спецтехника;ДЭС;ДЭС-200_170132;0,0;0,0;0,0;0,00000000000;1 245,0;1 365,24;36,00;1 329,2;-36,923209876543;32 036,7;40 132,0;-8 095,3;0,2017168344463;32 099,3;40 387,0;-8 287,7;0,2052071211033;Нет ДО;0,6;-;-
Спецтехника;Снегоболотоход;МТЛБ_СНЕГОБОЛОТОХОД_15_мк7328_083326;0,0;0,0;0,0;0,00000000000;57,4;13,44;26,75;-13,3;0,497403946002;142,5;192,7;-50,2;0,2604126119112;250,3;91,3;159,1;-1,7430136986301;Нет ДО;0,5;-;-
Автотранспорт;Шасси;Камаз_АТЗ_р247хр_081884;0,0;1,0;-1,0;1,00000000000;2 148,0;42,02;168,33;-126,3;0,750367986799;620,1;103,6;516,5;-4,9855212355212;768,2;32,0;736,2;-23,0062500000000;Нет ДО;0,4;-;-
Спецтехника;Снегоболотоход;Газ-34039_сбход_3700ам_084977;0,0;0,0;0,0;0,00000000000;366,0;161,10;96,00;65,1;-0,678096064815;0,3;402,0;-401,7;0,9992536385123;0,0;578,0;-578,0;1,0000000000000;Нет ДО;0,3;-;-
Автотранспорт;Автоцистерна;Камаз_ац_в972ух_084660;6 092,3;5 689,0;403,3;-0,07088249368;1 630,0;718,28;136,83;581,4;-4,249285424279;2 559,1;4 050,1;-1 491,0;0,3681390582949;2 281,5;3 387,0;-1 105,5;0,3263950398583;273,3;0,2;273,0;-115365,5%
Автотранспорт;Легковой;НИВА_у832ув_083730;27 053,6;24 440,0;2 613,6;-0,10693945593;1 330,0;705,42;301,02;404,4;-1,343459203071;1 738,6;3 006,2;-1 267,6;0,4216657463526;1 691,0;2 622,2;-931,2;0,3551265721412;Нет ДО;0,2;-;-
Спецтехника;Бульдозер;ТМ10_бульд_7345мк_166053;0,0;0,0;0,0;0,00000000000;553,0;21,67;5,50;16,2;-2,939646464646;0,3;125,1;-124,8;0,9976019184652;257,4;217,0;40,4;-0,1861751152074;Нет ДО;0,2;-;-
Спецтехника;Снегоболотоход;МТЛБ_ТРАНСПОРТЕР_30_та2456_082407;0,0;0,0;0,0;0,00000000000;35,0;18,25;20,00;-1,8;0,087597222222;159,7;100,8;58,9;-0,5843253968254;0,0;0,0;0,0;0,0000000000000;Нет ДО;0,1;-;-
Спецтехника;Снегоболотоход;Газ-34039_сбход_3698ам_084978;0,0;0,0;0,0;0,00000000000;665,0;486,45;3,00;483,4;-161,148981481482;835,7;1 296,5;-460,8;0,3554184342460;832,4;1 312,0;-479,6;0,3655487804878;Нет ДО;0,1;-;-
Спецтехника;Снегоболотоход;МТЛБ_21_ох7495 _083764;0,0;0,0;0,0;0,00000000000;1 781,0;888,55;15,00;873,6;-58,236722222222;4 020,6;5 630,1;-1 609,5;0,2858741407790;4 112,7;6 126,5;-2 013,8;0,3287031747327;Нет ДО;0,1;-;-
Спецтехника;Снегоболотоход;МТЛБ_43_мк7308_083330;0,0;0,0;0,0;0,00000000000;17,5;0,25;11,00;-10,7;0,976868686869;32,7;51,5;-18,8;0,3644314868805;0,0;0,0;0,0;0,0000000000000;Нет ДО;0,1;-;-
Спецтехника;Снегоболотоход;МТЛБ_3_та2402_082412;0,0;0,0;0,0;0,00000000000;70,4;3,17;43,00;-39,8;0,926285529716;0,0;157,8;-157,8;1,0000000000000;0,0;87,7;-87,7;1,0000000000000;Нет ДО;0,1;-;-
Спецтехника;Снегоболотоход;МТЛБ_14_мм0527_083885;0,0;0,0;0,0;0,00000000000;200,4;44,51;7,00;37,5;-5,358015873016;0,2;535,4;-535,2;0,9996264176117;250,6;686,9;-436,3;0,6351497504160;Нет ДО;0,1;-;-
Спецтехника;Сейсмический вибратор;НОМАД 65 СВ_4974ак_174242;0,0;0,0;0,0;0,00000000000;1 902,0;1 012,32;14,00;998,3;-71,308432539683;20 419,3;20 322,4;96,9;-0,0047681376215;20 169,7;1 804,0;18 365,7;-10,1805432372505;0,0;0,0;0,0;100,0%
Спецтехника;Сейсмический вибратор;НОМАД 65 СВ_4976ак_174239;0,0;0,0;0,0;0,00000000000;1 700,0;915,37;4,00;911,4;-227,841805555556;17 719,2;16 787,4;931,8;-0,0555059151506;17 499,1;1 580,0;15 919,1;-10,0753797468354;0,0;0,0;0,0;-
Автотранспорт;Бортовой с КМУ;Камаз_борт_С КМУ_у895ан11_083652;6 112,9;0,0;6 112,9;0,00000000000;0,0;708,67;0,00;708,7;0,000000000000;137,0;0,0;137,0;0,0000000000000;0,0;0,0;0,0;0,0000000000000;0,0;0,0;0,0;-
Автотранспорт;Шасси;Камаз_АТЗ_р774мв_085064;1 406,3;0,0;1 406,3;0,00000000000;0,0;169,71;0,00;169,7;0,000000000000;78,3;0,0;78,3;0,0000000000000;0,0;0,0;0,0;0,0000000000000;0,0;0,0;0,0;-
Автотранспорт;Шасси;Урал_АТЗ_р403ум_081844;0,0;0,0;0,0;0,00000000000;0,0;60,74;0,00;60,7;0,000000000000;313,8;0,0;313,8;0,0000000000000;235,0;0,0;235,0;0,0000000000000;0,0;0,0;0,0;-
Автотранспорт;Автомобиль специальный;Урал_кран_р779нм_161323;0,0;0,0;0,0;0,00000000000;0,0;44,22;0,00;44,2;0,000000000000;230,3;0,0;230,3;0,0000000000000;146,4;0,0;146,4;0,0000000000000;0,0;0,0;0,0;-
Спецтехника;Сейсмический вибратор;НОМАД 65 СВ_2513мк_157749;0,0;0,0;0,0;0,00000000000;168,0;0,00;0,00;0,0;0,000000000000;0,1;0,0;0,1;0,0000000000000;0,0;0,0;0,0;0,0000000000000;0,0;0,0;0,0;-
Спецтехника;Сейсмический вибратор;НОМАД 65 СВ_4973ак_174241;0,0;0,0;0,0;0,00000000000;168,0;0,00;0,00;0,0;0,000000000000;115,7;0,0;115,7;0,0000000000000;93,4;0,0;93,4;0,0000000000000;0,0;0,0;0,0;-
Автотранспорт;Автоцистерна;Урал_ац_р901нм_080999;0,0;0,0;0,0;0,00000000000;0,0;0,00;0,00;0,0;0,000000000000;0,1;0,0;0,1;0,0000000000000;0,0;0,0;0,0;0,0000000000000;0,0;0,0;0,0;-
Автотранспорт;Шасси;Урал_АТЗ_р586от_081210;0,0;11,0;-11,0;1,00000000000;349,0;53,24;2,00;51,2;-25,621944444444;197,2;107,0;90,2;-0,8431629124217;269,4;0,0;269,4;0,0000000000000;0,0;0,0;0,0;-
Автотранспорт;Автоцистерна;Камаз_ац_р604нм_082532;0,0;88,2;-88,2;1,00000000000;399,8;8,19;2,00;6,2;-3,097083333333;21,0;265,8;-244,8;0,9210025734770;0,0;116,0;-116,0;1,0000000000000;0,0;0,0;0,0;-
Автотранспорт;Автоцистерна;Камаз_ац_р422рм_081406;391,5;587,0;-195,5;0,33307098516;1 678,0;668,99;2,00;667,0;-333,496388888889;1 942,5;2 158,2;-215,7;0,0999360572334;1 649,9;2 443,0;-793,1;0,3246473626904;0,0;0,0;0,0;-
Автотранспорт;Бортовой;Камаз_борт_к681ху_084918;2,2;4 873,0;-4 870,8;0,99955443176;551,4;37,44;33,00;4,4;-0,134528619529;0,0;1 957,3;-1 957,3;1,0000000000000;0,0;2 074,5;-2 074,5;1,0000000000000;0,0;0,0;0,0;-
Автотранспорт;Лаборатория;Урал_лаб-ия_р866тт_159221;5 190,2;5 858,4;-668,2;0,11406271506;7 616,8;983,53;1 305,60;-322,1;0,246680751294;1 309,9;13 820,7;-12 510,8;0,9052216853131;1 648,0;13 767,2;-12 119,2;0,8802951943750;0,0;0,0;0,0;-
Спецтехника;ДЭС;ДЭС-15 Т-400_171664;0,0;0,0;0,0;0,00000000000;2 212,0;2 108,81;0,00;2 108,8;0,000000000000;2 331,2;2 575,5;-244,3;0,0948417633922;2 313,6;2 252,0;61,6;-0,0273534635879;Нет ДО;0,0;-;-
Спецтехника;ДЭС;ДЭС-200_175839;0,0;0,0;0,0;0,00000000000;0,0;1 533,85;0,00;1 533,9;0,000000000000;0,0;0,0;0,0;0,0000000000000;0,0;0,0;0,0;0,0000000000000;Нет ДО;0,0;-;-
Спецтехника;ДЭС;ДЭС-200_166002;0,0;0,0;0,0;0,00000000000;2 499,0;1 442,93;0,00;1 442,9;0,000000000000;43 282,3;50 581,0;-7 298,7;0,1442972657717;43 354,8;34 356,0;8 998,8;-0,2619280475026;Нет ДО;0,0;-;-
Спецтехника;ДЭС;ДЭС-500_174693;0,0;0,0;0,0;0,00000000000;630,0;628,09;0,00;628,1;0,000000000000;35 731,4;40 095,0;-4 363,6;0,1088315251278;36 087,7;35 600,0;487,7;-0,0136994382022;Нет ДО;0,0;-;-
Спецтехника;ДЭС;ДЭС-200_156772;0,0;0,0;0,0;0,00000000000;641,0;565,74;0,00;565,7;0,000000000000;9 162,9;21 901,0;-12 738,1;0,5816218437514;9 650,2;22 160,0;-12 509,8;0,5645216606498;Нет ДО;0,0;-;-
Спецтехника;ДЭС;ДЭС-200_155841;0,0;0,0;0,0;0,00000000000;635,0;513,10;0,00;513,1;0,000000000000;7 729,2;9 090,6;-1 361,4;0,1497590918091;7 682,7;9 249,6;-1 566,9;0,1694019200830;Нет ДО;0,0;-;-
Спецтехника;Буровая установка;МТЧ_урб_04_ох7502_168849;0,0;0,0;0,0;0,00000000000;1 394,0;372,77;0,00;372,8;0,000000000000;1 889,5;4 298,7;-2 409,2;0,5604485076884;2 076,4;4 403,9;-2 327,5;0,5285088217262;Нет ДО;0,0;-;-
Спецтехника;ДЭС;ДЭС-30_168733;0,0;0,0;0,0;0,00000000000;4,0;289,73;0,00;289,7;0,000000000000;760,2;0,0;760,2;0,0000000000000;720,0;0,0;720,0;0,0000000000000;Нет ДО;0,0;-;-
Спецтехника;ДЭС;ДЭС-17_175834;0,0;0,0;0,0;0,00000000000;0,0;284,11;0,00;284,1;0,000000000000;401,3;0,0;401,3;0,0000000000000;412,9;0,0;412,9;0,0000000000000;Нет ДО;0,0;-;-
Спецтехника;Снегоболотоход;АДД 154973 в Газ_27_от4045;0,0;0,0;0,0;0,00000000000;0,0;269,25;0,00;269,2;0,000000000000;9,6;0,0;9,6;0,0000000000000;0,0;0,0;0,0;0,0000000000000;Нет ДО;0,0;-;-
Спецтехника;ДЭС;ДЭС-60_ 155842;0,0;0,0;0,0;0,00000000000;221,0;169,75;0,00;169,8;0,000000000000;2 605,3;2 791,0;-185,7;0,0665352920100;2 456,9;2 805,0;-348,1;0,1240998217469;Нет ДО;0,0;-;-
Спецтехника;Бульдозер;ZOOMLION ZD160S-3(75)_ак4970_174216;0,0;0,0;0,0;0,00000000000;414,0;102,44;0,00;102,4;0,000000000000;0,7;963,2;-962,5;0,9992732935375;154,5;1 176,0;-1 021,5;0,8686224489796;Нет ДО;0,0;-;-
Спецтехника;Бульдозер;ZOOMLION 71 4966ак16;0,0;0,0;0,0;0,00000000000;0,0;81,13;0,00;81,1;0,000000000000;0,0;0,0;0,0;0,0000000000000;0,0;0,0;0,0;0,0000000000000;Нет ДО;0,0;-;-
Спецтехника;ДЭС;ДЭС-150_168479;0,0;0,0;0,0;0,00000000000;124,0;79,19;0,00;79,2;0,000000000000;1 362,6;1 821,0;-458,4;0,2517298187809;1 665,1;1 825,0;-159,9;0,0876164383562;Нет ДО;0,0;-;-
Спецтехника;Сварочный агрегат;АДД 161274 в Урал_н442ку;0,0;0,0;0,0;0,00000000000;0,0;68,13;0,00;68,1;0,000000000000;0,0;0,0;0,0;0,0000000000000;0,0;0,0;0,0;0,0000000000000;Нет ДО;0,0;-;-
Спецтехника;Бульдозер;ZOOMLION 74 8881ае16;0,0;0,0;0,0;0,00000000000;0,0;55,60;0,00;55,6;0,000000000000;0,0;0,0;0,0;0,0000000000000;0,0;0,0;0,0;0,0000000000000;Нет ДО;0,0;-;-
Спецтехника;Машина трелевочная;МТЧ_трелев_1_ рт3284_169004;0,0;0,0;0,0;0,00000000000;160,0;39,38;0,00;39,4;0,000000000000;337,0;23,2;313,8;-13,5321259163433;401,4;92,2;309,2;-3,3549962026690;Нет ДО;0,0;-;-
Нет нормы;ДЭС;ДЭС-30_167764;0,0;0,0;0,0;0,00000000000;0,0;34,66;0,00;34,7;0,000000000000;119,2;0,0;119,2;0,0000000000000;153,4;0,0;153,4;0,0000000000000;Нет ДО;0,0;-;-
Спецтехника;ДЭС;Адд_4004мву1_№6218_175951;0,0;0,0;0,0;0,00000000000;0,0;17,91;0,00;17,9;0,000000000000;87,8;0,0;87,8;0,0000000000000;123,9;0,0;123,9;0,0000000000000;Нет ДО;0,0;-;-
Спецтехника;Буровая установка;МТЧ_урб_08_рт2075_168982;0,0;0,0;0,0;0,00000000000;16,0;9,48;0,00;9,5;0,000000000000;89,1;13,7;75,5;-5,5274725274725;0,0;34,6;-34,6;1,0000000000000;Нет ДО;0,0;-;-
Спецтехника;ДЭС;ДЭС-200_174963;0,0;0,0;0,0;0,00000000000;101,0;9,09;0,00;9,1;0,000000000000;465,5;412,5;53,0;-0,1284848484848;276,7;0,0;276,7;0,0000000000000;Нет ДО;0,0;-;-
Спецтехника;ДЭС;ДЭС-200_174962;0,0;0,0;0,0;0,00000000000;101,0;7,30;0,00;7,3;0,000000000000;281,4;412,5;-131,1;0,3178181818182;281,2;0,0;281,2;0,0000000000000;Нет ДО;0,0;-;-
Спецтехника;Снегоболотоход;МТЛБ_2_ер4031_082539;0,0;0,0;0,0;0,00000000000;21,0;6,96;0,00;7,0;0,000000000000;0,0;17,9;-17,9;1,0000000000000;0,0;0,0;0,0;0,0000000000000;Нет ДО;0,0;-;-
Спецтехника;Бульдозер;Б10м_бульд_от4090_155809;0,0;0,0;0,0;0,00000000000;0,0;6,22;0,00;6,2;0,000000000000;31,3;0,0;31,3;0,0000000000000;323,5;0,0;323,5;0,0000000000000;Нет ДО;0,0;-;-
Спецтехника;Снегоболотоход;МТЛБ_23_ер9865_083447;0,0;0,0;0,0;0,00000000000;70,0;5,17;0,00;5,2;0,000000000000;0,0;5,3;-5,3;1,0000000000000;0,0;287,0;-287,0;1,0000000000000;Нет ДО;0,0;-;-
Автотранспорт;Автобус;Камаз_вахта_т121ем_083201;8,8;0,0;8,8;0,00000000000;0,0;4,97;0,00;5,0;0,000000000000;0,0;0,0;0,0;0,0000000000000;0,0;0,0;0,0;0,0000000000000;Нет ДО;0,0;-;-
Спецтехника;Снегоболотоход;МТЛБ_31_рт3286_083731;0,0;0,0;0,0;0,00000000000;0,0;4,33;0,00;4,3;0,000000000000;0,0;0,0;0,0;0,0000000000000;0,0;0,0;0,0;0,0000000000000;Нет ДО;0,0;-;-
Спецтехника;Снегоболотоход;МТЛБ_4_ер1644_082931;0,0;0,0;0,0;0,00000000000;70,0;3,73;0,00;3,7;0,000000000000;0,0;24,2;-24,2;1,0000000000000;0,0;444,3;-444,3;1,0000000000000;Нет ДО;0,0;-;-
Спецтехника;ДЭС;ДЭС-200_169092;0,0;0,0;0,0;0,00000000000;5,0;2,99;0,00;3,0;0,000000000000;123,3;0,0;123,3;0,0000000000000;553,9;0,0;553,9;0,0000000000000;Нет ДО;0,0;-;-
Спецтехника;Бульдозер;Б10м_бульд_ер1622_164129;0,0;0,0;0,0;0,00000000000;201,0;2,94;0,00;2,9;0,000000000000;3,4;72,5;-69,1;0,9531034482759;273,6;247,0;26,6;-0,1076923076923;Нет ДО;0,0;-;-
Спецтехника;Буровая установка;МТЧ_урб_19_ох7440_168780;0,0;0,0;0,0;0,00000000000;36,0;2,84;0,00;2,8;0,000000000000;91,8;165,8;-74,0;0,4461538461538;0,0;942,4;-942,4;1,0000000000000;Нет ДО;0,0;-;-
Спецтехника;Буровая установка;МТЧ_урб_07_ох2271_168160;0,0;0,0;0,0;0,00000000000;0,0;1,90;0,00;1,9;0,000000000000;11,2;0,0;11,2;0,0000000000000;0,0;0,0;0,0;0,0000000000000;Нет ДО;0,0;-;-
Спецтехника;Буровая установка;МТЧ_урб_18_ер9838_167094;0,0;0,0;0,0;0,00000000000;0,0;1,79;0,00;1,8;0,000000000000;89,0;0,0;89,0;0,0000000000000;0,0;0,0;0,0;0,0000000000000;Нет ДО;0,0;-;-
Спецтехника;Буровая установка;МТЧ_урб_12_те4178_154164;0,0;0,0;0,0;0,00000000000;0,0;1,74;0,00;1,7;0,000000000000;2,0;0,0;2,0;0,0000000000000;0,0;0,0;0,0;0,0000000000000;Нет ДО;0,0;-;-
Спецтехника;Снегоболотоход;МТЛБ_12_мм0530_083893;0,0;0,0;0,0;0,00000000000;70,0;0,98;0,00;1,0;0,000000000000;0,0;324,5;-324,5;1,0000000000000;0,0;482,0;-482,0;1,0000000000000;Нет ДО;0,0;-;-
Спецтехника;Снегоболотоход;МТЛБ_24_тв8639_082327;0,0;0,0;0,0;0,00000000000;0,0;0,83;0,00;0,8;0,000000000000;1,2;0,0;1,2;0,0000000000000;0,0;0,0;0,0;0,0000000000000;Нет ДО;0,0;-;-
Спецтехника;ДЭС;ДЭС-200_167080;0,0;0,0;0,0;0,00000000000;0,0;0,62;0,00;0,6;0,000000000000;0,0;0,0;0,0;0,0000000000000;0,0;0,0;0,0;0,0000000000000;Нет ДО;0,0;-;-
Спецтехника;Снегоболотоход;МТЛБ_1_ер9861_083448;0,0;0,0;0,0;0,00000000000;60,3;0,56;0,00;0,6;0,000000000000;0,0;30,5;-30,5;1,0000000000000;0,0;182,0;-182,0;1,0000000000000;Нет ДО;0,0;-;-
Автотранспорт;Автомобиль специальный;Камаз_фург_н694ку_166207;0,0;0,0;0,0;0,00000000000;0,0;0,26;0,00;0,3;0,000000000000;417,3;0,0;417,3;0,0000000000000;0,0;0,0;0,0;0,0000000000000;Нет ДО;0,0;-;-
Спецтехника;Буровая установка;МТЧ_урб_14_тв0930_156806;0,0;0,0;0,0;0,00000000000;0,0;0,15;0,00;0,1;0,000000000000;4,6;0,0;4,6;0,0000000000000;0,0;0,0;0,0;0,0000000000000;Нет ДО;0,0;-;-
Спецтехника;ДЭС;ДЭС-60_167079;0,0;0,0;0,0;0,00000000000;5,0;0,14;0,00;0,1;0,000000000000;0,0;0,0;0,0;0,0000000000000;0,0;0,0;0,0;0,0000000000000;Нет ДО;0,0;-;-
Спецтехника;Снегоболотоход;ТГМ-55_сбход_2714те_082021;0,0;0,0;0,0;0,00000000000;95,0;0,10;0,00;0,1;0,000000000000;0,0;0,0;0,0;0,0000000000000;0,0;500,0;-500,0;1,0000000000000;Нет ДО;0,0;-;-
Автотранспорт;Бортовой;Егерь_борт_в437аа_084045;0,0;0,0;0,0;0,00000000000;120,0;0,09;0,00;0,1;0,000000000000;0,0;0,0;0,0;0,0000000000000;0,0;0,0;0,0;0,0000000000000;Нет ДО;0,0;-;-
Спецтехника;Снегоболотоход;Газ-34039_сбход_2427та_082508;0,0;0,0;0,0;0,00000000000;168,0;0,08;0,00;0,1;0,000000000000;0,7;0,0;0,7;0,0000000000000;0,0;0,0;0,0;0,0000000000000;Нет ДО;0,0;-;-
Спецтехника;Буровая установка;МТЧ_урб_03_ох2270_168158;0,0;0,0;0,0;0,00000000000;0,0;0,03;0,00;0,0;0,000000000000;0,2;0,0;0,2;0,0000000000000;0,0;0,0;0,0;0,0000000000000;Нет ДО;0,0;-;-
Автотранспорт;Лаборатория;Урал_лаб-ия_в952хс_161825;29,1;0,0;29,1;0,00000000000;0,0;0,00;0,00;0,0;0,000000000000;0,0;0,0;0,0;0,0000000000000;22,1;0,0;22,1;0,0000000000000;Нет ДО;0,0;-;-
Спецтехника;ДЭС;Адд_4004мву1_№6220_175953;0,0;0,0;0,0;0,00000000000;0,0;0,00;0,00;0,0;0,000000000000;0,0;0,0;0,0;0,0000000000000;0,0;0,0;0,0;0,0000000000000;Нет ДО;0,0;-;-
Спецтехника;Бульдозер;Б10м_бульд_ер1620_164130;0,0;0,0;0,0;0,00000000000;103,0;0,00;0,00;0,0;0,000000000000;0,2;28,0;-27,8;0,9928571428571;0,0;210,0;-210,0;1,0000000000000;Нет ДО;0,0;-;-
Спецтехника;Снегоболотоход;Газ-3409_сбход_ам9503_085009;0,0;0,0;0,0;0,00000000000;11,0;0,00;0,00;0,0;0,000000000000;0,0;42,8;-42,8;1,0000000000000;0,0;117,8;-117,8;1,0000000000000;Нет ДО;0,0;-;-
Спецтехника;ДЭС;ДЭС-60_169440;0,0;0,0;0,0;0,00000000000;120,0;0,00;0,00;0,0;0,000000000000;0,0;0,0;0,0;0,0000000000000;68,2;0,0;68,2;0,0000000000000;Нет ДО;0,0;-;-
Спецтехника;ДЭС;ДЭС-100_173528;0,0;0,0;0,0;0,00000000000;0,0;0,00;0,00;0,0;0,000000000000;0,7;0,0;0,7;0,0000000000000;0,0;0,0;0,0;0,0000000000000;Нет ДО;0,0;-;-
Спецтехника;ДЭС;ДЭС-200_166459;0,0;0,0;0,0;0,00000000000;96,0;0,00;0,00;0,0;0,000000000000;0,1;0,0;0,1;0,0000000000000;0,0;0,0;0,0;0,0000000000000;Нет ДО;0,0;-;-
Спецтехника;ДЭС;ДЭС-200_173512;0,0;0,0;0,0;0,00000000000;139,0;0,00;0,00;0,0;0,000000000000;508,4;0,0;508,4;0,0000000000000;0,0;0,0;0,0;0,0000000000000;Нет ДО;0,0;-;-
Спецтехника;ДЭС;ДЭС-200_175840;0,0;0,0;0,0;0,00000000000;0,0;0,00;0,00;0,0;0,000000000000;0,0;0,0;0,0;0,0000000000000;0,0;0,0;0,0;0,0000000000000;Нет ДО;0,0;-;-
Спецтехника;Снегоболотоход;МТЛБ_7_ер1645_082930;0,0;0,0;0,0;0,00000000000;2,0;0,00;0,00;0,0;0,000000000000;0,0;0,0;0,0;0,0000000000000;0,0;0,0;0,0;0,0000000000000;Нет ДО;0,0;-;-
Спецтехника;Снегоболотоход;МТЛБ_23_ох7496 _083765;0,0;0,0;0,0;0,00000000000;0,0;0,00;0,00;0,0;0,000000000000;0,0;0,0;0,0;0,0000000000000;0,0;0,0;0,0;0,0000000000000;Нет ДО;0,0;-;-
Спецтехника;Снегоболотоход;МТЛБ_29_ох7381_083756;0,0;0,0;0,0;0,00000000000;47,3;0,00;0,00;0,0;0,000000000000;0,0;54,6;-54,6;1,0000000000000;0,0;81,3;-81,3;1,0000000000000;Нет ДО;0,0;-;-
Спецтехника;Снегоболотоход;МТЛБ_131_мм0529_083894;0,0;0,0;0,0;0,00000000000;0,0;0,00;0,00;0,0;0,000000000000;0,0;0,0;0,0;0,0000000000000;0,0;0,0;0,0;0,0000000000000;Нет ДО;0,0;-;-
Спецтехника;Буровая установка;МТЧ_урб_02_ер9868_167097;0,0;0,0;0,0;0,00000000000;0,0;0,00;0,00;0,0;0,000000000000;50,5;0,0;50,5;0,0000000000000;0,0;0,0;0,0;0,0000000000000;Нет ДО;0,0;-;-
Спецтехника;Буровая установка;МТЧ_урб_05_от4076_155723;0,0;0,0;0,0;0,00000000000;0,0;0,00;0,00;0,0;0,000000000000;0,0;0,0;0,0;0,0000000000000;0,0;0,0;0,0;0,0000000000000;Нет ДО;0,0;-;-
Спецтехника;Буровая установка;МТЧ_урб_08_та6019_159979;0,0;0,0;0,0;0,00000000000;0,0;0,00;0,00;0,0;0,000000000000;0,0;0,0;0,0;0,0000000000000;0,0;0,0;0,0;0,0000000000000;Нет ДО;0,0;-;-
Спецтехника;Буровая установка;МТЧ_урб_10_ер4024_165419;0,0;0,0;0,0;0,00000000000;0,0;0,00;0,00;0,0;0,000000000000;82,3;0,0;82,3;0,0000000000000;0,0;0,0;0,0;0,0000000000000;Нет ДО;0,0;-;-
Спецтехника;Буровая установка;МТЧ_урб_14_тв0969_156815;0,0;0,0;0,0;0,00000000000;0,0;0,00;0,00;0,0;0,000000000000;48,6;0,0;48,6;0,0000000000000;0,0;0,0;0,0;0,0000000000000;Нет ДО;0,0;-;-
Спецтехника;Буровая установка;МТЧ_урб_15_тв0928_156612;0,0;0,0;0,0;0,00000000000;0,0;0,00;0,00;0,0;0,000000000000;0,0;0,0;0,0;0,0000000000000;0,0;0,0;0,0;0,0000000000000;Нет ДО;0,0;-;-
Спецтехника;Буровая установка;МТЧ_урб_17_от4190_156224;0,0;0,0;0,0;0,00000000000;0,0;0,00;0,00;0,0;0,000000000000;0,0;0,0;0,0;0,0000000000000;0,0;0,0;0,0;0,0000000000000;Нет ДО;0,0;-;-
Спецтехника;Буровая установка;МТЧ_урб_22_тт2338_154116;0,0;0,0;0,0;0,00000000000;0,0;0,00;0,00;0,0;0,000000000000;0,0;0,0;0,0;0,0000000000000;0,0;0,0;0,0;0,0000000000000;Нет ДО;0,0;-;-
Спецтехника;Буровая установка;МТЧ_урб_23_от2655_160224;0,0;0,0;0,0;0,00000000000;0,0;0,00;0,00;0,0;0,000000000000;79,0;0,0;79,0;0,0000000000000;180,4;0,0;180,4;0,0000000000000;Нет ДО;0,0;-;-
Спецтехника;Буровая установка;МТЧ_урб_24_ер1643_161647;0,0;0,0;0,0;0,00000000000;0,0;0,00;0,00;0,0;0,000000000000;250,1;0,0;250,1;0,0000000000000;0,0;0,0;0,0;0,0000000000000;Нет ДО;0,0;-;-
Спецтехника;Буровая установка;МТЧ_урб_25_ох7441_168779;0,0;0,0;0,0;0,00000000000;0,0;0,00;0,00;0,0;0,000000000000;0,0;0,0;0,0;0,0000000000000;0,0;0,0;0,0;0,0000000000000;Нет ДО;0,0;-;-
Спецтехника;Электростанция;Электростанция ENERGO ED 17_170403;0,0;0,0;0,0;0,00000000000;0,0;0,00;0,00;0,0;0,000000000000;0,0;0,0;0,0;0,0000000000000;0,0;0,0;0,0;0,0000000000000;Нет ДО;0,0;-;-
Спецтехника;Бульдозер;ZOOMLION 65 8734ак16;0,0;0,0;0,0;0,00000000000;0,0;0,00;0,00;0,0;0,000000000000;0,0;0,0;0,0;0,0000000000000;0,0;0,0;0,0;0,0000000000000;Нет ДО;0,0;-;-
Автотранспорт;Бортовой;Газ_борт_а331ее_084105;0,0;0,0;0,0;0,00000000000;72,0;0,00;0,00;0,0;0,000000000000;32,8;0,0;32,8;0,0000000000000;0,0;0,0;0,0;0,0000000000000;Нет ДО;0,0;-;-
Автотранспорт;Бортовой;Газ_груз_е435ех_084809;0,0;0,0;0,0;0,00000000000;120,0;0,00;0,00;0,0;0,000000000000;0,0;0,0;0,0;0,0000000000000;0,0;0,0;0,0;0,0000000000000;Нет ДО;0,0;-;-
Автотранспорт;Бортовой;Камаз_борт_р556ре_081369;0,0;0,0;0,0;0,00000000000;0,0;0,00;0,00;0,0;0,000000000000;0,0;0,0;0,0;0,0000000000000;0,0;0,0;0,0;0,0000000000000;Нет ДО;0,0;-;-
Автотранспорт;Бортовой;Камаз_борт_р662ко_081737;0,0;0,0;0,0;0,00000000000;0,0;0,00;0,00;0,0;0,000000000000;0,0;0,0;0,0;0,0000000000000;0,0;0,0;0,0;0,0000000000000;Нет ДО;0,0;-;-
Автотранспорт;Бортовой;Камаз_борт_р663ко_081736;0,0;0,0;0,0;0,00000000000;0,0;0,00;0,00;0,0;0,000000000000;0,0;0,0;0,0;0,0000000000000;0,0;0,0;0,0;0,0000000000000;Нет ДО;0,0;-;-
Автотранспорт;Автобус;Камаз_вахта_р397ре_081298;0,0;0,0;0,0;0,00000000000;0,0;0,00;0,00;0,0;0,000000000000;0,0;0,0;0,0;0,0000000000000;0,0;0,0;0,0;0,0000000000000;Нет ДО;0,0;-;-
Автотранспорт;Автобус;Камаз_вахта_р510от_081188;0,0;0,0;0,0;0,00000000000;0,0;0,00;0,00;0,0;0,000000000000;21,4;0,0;21,4;0,0000000000000;369,2;0,0;369,2;0,0000000000000;Нет ДО;0,0;-;-
Автотранспорт;Автобус;Камаз_вахта_р562ко_081262;0,0;0,0;0,0;0,00000000000;0,0;0,00;0,00;0,0;0,000000000000;18,9;0,0;18,9;0,0000000000000;0,0;0,0;0,0;0,0000000000000;Нет ДО;0,0;-;-
Автотранспорт;Автобус;Урал_вахта_р478мс_082319;0,0;0,0;0,0;0,00000000000;0,0;0,00;0,00;0,0;0,000000000000;1,9;0,0;1,9;0,0000000000000;16,7;0,0;16,7;0,0000000000000;Нет ДО;0,0;-;-
Автотранспорт;Автомобиль специальный;Камаз_СПЕЦИАЛЬНЫЙ_м911ес_084956;11,4;5,5;5,9;-1,07440065564;54,5;0,00;36,00;-36,0;1,000000000000;0,0;84,8;-84,8;1,0000000000000;0,0;0,0;0,0;0,0000000000000;Нет ДО;0,0;-;-
Автотранспорт;Автобус;Камаз_вахта_р394ре_081297;9,5;29,0;-19,5;0,67104279319;14,0;23,77;2,00;21,8;-10,883055555556;157,4;19,1;138,3;-7,2236154649948;221,8;182,6;39,3;-0,2150095864147;Нет ДО;0,0;-;-
Автотранспорт;Бортовой;Камаз_борт_р392ре_081292;32,2;29,0;3,2;-0,10982977754;26,0;10,77;15,00;-4,2;0,281981481481;59,1;10,8;48,3;-4,4772937905468;0,0;120,0;-120,0;1,0000000000000;Нет ДО;0,0;-;-
Автотранспорт;Шасси;Урал_АТЗ_р819нм_080961;0,0;40,0;-40,0;1,00000000000;12,0;0,00;1,00;-1,0;1,000000000000;0,0;18,3;-18,3;1,0000000000000;0,0;0,0;0,0;0,0000000000000;Нет ДО;0,0;-;-
Автотранспорт;Лаборатория;Урал_лаб-ия_у423ув_168791;0,0;54,0;-54,0;1,00000000000;125,0;0,05;109,00;-109,0;0,999541284404;148,2;36,2;112,0;-3,0894039735099;192,9;321,9;-129,0;0,4008200285768;Нет ДО;0,0;-;-
Автотранспорт;Автомобиль специальный;Урал_спец_н442ку_083346;116,6;66,8;49,8;-0,74547594573;56,4;8,43;51,80;-43,4;0,837199699700;66,1;45,6;20,5;-0,4494342601526;0,0;21,6;-21,6;1,0000000000000;Нет ДО;0,0;-;-
Автотранспорт;Лаборатория;Урал_лаб-ия_у354ув_168819;0,0;125,0;-125,0;1,00000000000;227,2;0,00;164,03;-164,0;1,000000000000;62,2;105,6;-43,4;0,4109848484848;0,0;233,1;-233,1;1,0000000000000;Нет ДО;0,0;-;-
Автотранспорт;Лаборатория;Урал_лаб-ия_м016тх_160534;195,3;222,0;-26,7;0,12022451949;2 931,0;46,40;985,00;-938,6;0,952897631134;108,1;506,9;-398,8;0,7867387401606;160,1;658,6;-498,5;0,7568975203851;Нет ДО;0,0;-;-
Автотранспорт;Лаборатория;Урал_лаб-ия_р726тт_159014;393,8;355,4;38,4;-0,10817028631;281,6;47,58;9,00;38,6;-4,287006172840;0,0;332,7;-332,7;1,0000000000000;0,0;329,2;-329,2;1,0000000000000;Нет ДО;0,0;-;-
Автотранспорт;Легковой;1TOYOTA HILUX_у817уа_083747;405,8;391,0;14,8;-0,03796840687;249,0;0,00;11,00;-11,0;1,000000000000;0,0;64,6;-64,6;1,0000000000000;0,0;60,0;-60,0;1,0000000000000;Нет ДО;0,0;-;-
Автотранспорт;Бортовой;Газ_борт_т397ем_083270;802,2;464,0;338,2;-0,72895907604;280,0;68,16;0,00;68,2;0,000000000000;52,4;179,8;-127,4;0,7085650723026;0,0;168,0;-168,0;1,0000000000000;Нет ДО;0,0;-;-
Автотранспорт;Автобус;Камаз_вахта_р099ум_081835;1 463,2;1 482,1;-18,9;0,01274058786;220,9;142,55;2,00;140,5;-70,272777777778;708,4;758,9;-50,5;0,0665695111876;910,3;833,4;76,9;-0,0923145597143;Нет ДО;0,0;-;-
Автотранспорт;Бортовой;Камаз_борт_р334уу_082972;1 526,0;1 523,0;3,0;-0,00195194714;273,0;106,27;71,75;34,5;-0,481099496709;58,8;774,4;-715,6;0,9240702479339;89,3;660,0;-570,7;0,8646969696970;Нет ДО;0,0;-;-
Автотранспорт;Автобус;Камаз_вахта_вс996_084877;1 631,7;1 793,0;-161,3;0,08996247730;260,0;138,45;143,13;-4,7;0,032725896600;2,5;1 075,6;-1 073,1;0,9976758023130;258,1;1 455,0;-1 196,9;0,8226092454879;Нет ДО;0,0;-;-
Автотранспорт;Бортовой;Газ_борт_к128тк_084880;2 267,7;2 265,0;2,7;-0,00120592366;726,0;0,02;115,12;-115,1;0,999806959124;0,0;1 446,6;-1 446,6;1,0000000000000;0,0;1 332,0;-1 332,0;1,0000000000000;Нет ДО;0,0;-;-
Автотранспорт;Лаборатория;Урал_лаб-ия_у800ув_168790;1 857,0;2 295,0;-438,0;0,19082967345;1 292,0;274,26;476,00;-201,7;0,423813608777;183,0;2 322,1;-2 139,1;0,9211910063004;0,0;2 523,8;-2 523,8;1,0000000000000;Нет ДО;0,0;-;-
Автотранспорт;Бортовой;Егерь_борт_в473ес_084054;2 487,6;2 480,0;7,6;-0,00306656457;615,0;496,15;0,00;496,2;0,000000000000;1 054,9;1 046,3;8,6;-0,0082194399312;1 009,1;1 022,0;-12,9;0,0126223091977;Нет ДО;0,0;-;-
Автотранспорт;Автомобиль специальный;Камаз_спец_в338рк_084512;2 953,4;2 944,0;9,4;-0,00319388774;299,0;165,68;134,75;30,9;-0,229548546691;0,0;1 403,6;-1 403,6;1,0000000000000;0,0;1 417,0;-1 417,0;1,0000000000000;Нет ДО;0,0;-;-
Автотранспорт;Лаборатория;Урал_лаб-ия_у717уа_168817;3 344,1;3 265,0;79,1;-0,02422498270;1 295,0;628,42;297,00;331,4;-1,115899738122;115,5;3 146,2;-3 030,7;0,9632893971515;0,0;3 233,1;-3 233,1;1,0000000000000;Нет ДО;0,0;-;-
Автотранспорт;Автомобиль специальный;Камаз_СПЕЦИАЛЬНЫЙ_м948кр_084959;8 944,3;3 423,2;5 521,1;-1,61284380443;688,4;262,03;210,00;52,0;-0,247752645503;1 421,6;1 994,3;-572,7;0,2871655705383;1 187,9;2 130,2;-942,3;0,4423397413328;Нет ДО;0,0;-;-
Автотранспорт;Автобус;Камаз_вахта_т632кх_083451;279,2;4 680,0;-4 400,8;0,94034621559;984,0;33,59;799,97;-766,4;0,958005541898;60,4;3 289,3;-3 228,9;0,9816373188053;0,0;3 846,6;-3 846,6;1,0000000000000;Нет ДО;0,0;-;-
Автотранспорт;Автобус;Камаз_вахта_р986нм_081011;3 903,2;5 231,8;-1 328,6;0,25394526038;1 686,6;644,57;561,00;83,6;-0,148970093088;0,0;4 767,2;-4 767,2;1,0000000000000;0,0;4 861,0;-4 861,0;1,0000000000000;Нет ДО;0,0;-;-
Автотранспорт;Бортовой;Егерь_борт_в199кр_084052;5 582,6;5 527,5;55,1;-0,00996051559;1 052,0;525,91;43,43;482,5;-11,108544384753;1 663,4;2 060,7;-397,3;0,1927985635949;1 659,2;1 802,0;-142,8;0,0792452830189;Нет ДО;0,0;-;-
Спецтехника;Сварочный агрегат;АДД__165774_Урал_р866тт_159221;0,0;5 858,4;-5 858,4;1,00000000000;7 616,8;5,64;1 305,60;-1 300,0;0,995683763957;0,0;13 820,7;-13 820,7;1,0000000000000;0,0;13 767,2;-13 767,2;1,0000000000000;Нет ДО;0,0;-;-
Автотранспорт;Лаборатория;Урал_лаб-ия_у515ан_167744;5 913,8;5 950,0;-36,2;0,00608631244;2 362,0;1 120,63;669,00;451,6;-0,675089270885;193,7;5 075,0;-4 881,3;0,9618325123153;147,5;5 432,9;-5 285,4;0,9728503455829;Нет ДО;0,0;-;-
Автотранспорт;Автобус;Камаз_вахта_у188ан_083517;6 056,5;6 014,0;42,5;-0,00706408239;1 106,0;605,00;42,33;562,7;-13,291437007874;3 086,2;3 152,6;-66,4;0,0210619805875;2 932,0;1 515,0;1 417,0;-0,9353135313531;Нет ДО;0,0;-;-
Автотранспорт;Лаборатория;Урал_лаб-ия_у929ув_168776;6 957,3;6 902,0;55,3;-0,00800621489;2 630,0;1 668,65;524,98;1 143,7;-2,178475507159;788,9;7 073,6;-6 284,7;0,8884726306266;794,3;7 405,5;-6 611,2;0,8927420258699;Нет ДО;0,0;-;-
Автотранспорт;Автобус;Камаз_вахта_о456рн_083440;6 101,1;7 037,0;-935,9;0,13299694896;2 479,0;874,04;830,00;44,0;-0,053064257028;869,9;4 918,7;-4 048,8;0,8231432480732;826,0;5 089,4;-4 263,4;0,8377031657707;Нет ДО;0,0;-;-
Автотранспорт;Бортовой;Газ_борт_т438ем_083276;8 106,5;7 905,0;201,5;-0,02549215407;1 603,0;1 248,26;0,00;1 248,3;0,000000000000;2 893,2;2 873,4;19,8;-0,0068907913970;2 966,9;452,0;2 514,9;-5,5639380530973;Нет ДО;0,0;-;-
Автотранспорт;Автобус;Камаз_вахта_т043ем_083196;7 828,3;8 023,0;-194,7;0,02426945044;2 267,0;924,54;560,00;364,5;-0,650958333333;980,0;5 761,5;-4 781,5;0,8299065874749;1 197,8;6 004,0;-4 806,2;0,8004996668887;Нет ДО;0,0;-;-
Автотранспорт;Бортовой;Камаз_борт_к615ху716_084919;8 946,9;8 780,0;166,9;-0,01901168510;968,0;307,30;217,00;90,3;-0,416127752176;558,8;4 226,9;-3 668,1;0,8677975324414;824,1;4 287,0;-3 462,9;0,8077676696991;Нет ДО;0,0;-;-
Автотранспорт;Лаборатория;Урал_лаб-ия_м243се_160527;8 846,5;8 965,0;-118,5;0,01322339321;3 898,0;1 474,27;716,00;758,3;-1,059030105525;3 162,2;8 350,5;-5 188,3;0,6213151818818;3 313,1;8 125,0;-4 811,9;0,5922338461538;Нет ДО;0,0;-;-
Автотранспорт;Автобус;Камаз_вахта_у849уа_083759;9 377,7;8 991,5;386,2;-0,04295014625;2 562,5;1 292,38;499,78;792,6;-1,585871655495;2 930,4;6 990,7;-4 060,3;0,5808169092256;2 987,4;6 909,8;-3 922,4;0,5676578427322;Нет ДО;0,0;-;-
Автотранспорт;Автобус;Камаз_вахта_у521ан_083574;9 065,4;9 030,0;35,4;-0,00391885458;3 266,0;233,93;652,00;-418,1;0,641208248125;2 127,0;7 813,3;-5 686,3;0,7277725729907;2 260,7;8 187,9;-5 927,2;0,7238957723945;Нет ДО;0,0;-;-
Автотранспорт;Автомобиль специальный;Камаз_спец_у409ан_083559;9 320,9;9 171,0;149,9;-0,01634434757;1 462,0;1 128,97;7,00;1 122,0;-160,281666666667;4 118,9;5 284,8;-1 165,9;0,2206138359068;4 057,1;3 667,0;390,1;-0,1063812380693;Нет ДО;0,0;-;-
Автотранспорт;Легковой;Уаз_фург_т166ем_083250;9 492,6;9 307,0;185,6;-0,01994515945;1 214,0;417,98;195,25;222,7;-1,140742637644;579,0;1 610,0;-1 031,0;0,6403726708075;588,5;699,0;-110,5;0,1580950200999;Нет ДО;0,0;-;-
Автотранспорт;Автобус;Камаз_вахта_р091ум_081837;9 255,3;9 338,0;-82,7;0,00885131831;3 002,0;1 552,84;589,00;963,8;-1,636405866818;1 688,2;7 333,9;-5 645,7;0,7698074411020;1 737,3;7 622,8;-5 885,5;0,7720901249549;Нет ДО;0,0;-;-
Автотранспорт;Автобус;Камаз_вахта_вс994_084876;8 430,1;9 345,8;-915,7;0,09797625240;3 053,2;1 250,23;661,00;589,2;-0,891425869894;1 961,9;6 956,2;-4 994,3;0,7179639930054;1 776,1;7 326,4;-5 550,3;0,7575753439616;Нет ДО;0,0;-;-
Автотранспорт;Лаборатория;Урал_лаб-ия_р869тт_159220;9 088,2;9 367,0;-278,8;0,02976269520;3 177,0;1 648,09;467,00;1 181,1;-2,529107185344;2 090,2;9 434,1;-7 343,9;0,7784425044413;2 168,7;9 574,0;-7 405,3;0,7734793126355;Нет ДО;0,0;-;-
Автотранспорт;Бортовой;Камаз_борт_р638уо_083659;9 541,2;9 693,0;-151,8;0,01565924894;1 085,0;672,98;137,77;535,2;-3,884950399226;2 335,3;4 403,9;-2 068,6;0,4697200208906;2 204,9;2 787,0;-582,1;0,2088625762469;Нет ДО;0,0;-;-
Автотранспорт;Лаборатория;Урал_лаб-ия_р724тт_159011;12 518,6;10 533,0;1 985,6;-0,18851056433;2 508,0;1 222,83;492,00;730,8;-1,485435298103;1 832,6;8 218,5;-6 385,9;0,7770163557031;1 741,6;8 357,2;-6 615,6;0,7916038462827;Нет ДО;0,0;-;-
Автотранспорт;Автомобиль специальный;Камаз_спец_у402ан_083557;11 006,6;10 709,0;297,6;-0,02779145074;1 094,0;832,55;157,75;674,8;-4,277684451488;1 885,9;5 274,9;-3 389,0;0,6424732456847;1 815,8;4 745,0;-2 929,2;0,6173234984194;Нет ДО;0,0;-;-
Автотранспорт;Бортовой;Камаз_борт_р335уу_082971;10 743,2;10 736,0;7,2;-0,00066720448;1 198,0;318,03;0,00;318,0;0,000000000000;4 491,2;4 490,6;0,6;-0,0001336124349;4 435,5;1 711,0;2 724,5;-1,5923436586791;Нет ДО;0,0;-;-
Автотранспорт;Автобус;Камаз_вахта_вс995_084878;11 410,5;11 535,0;-124,5;0,01079491259;3 334,0;1 312,08;495,00;817,1;-1,650672278339;2 447,5;7 786,1;-5 338,6;0,6856561598549;3 160,8;8 033,6;-4 872,8;0,6065500308083;Нет ДО;0,0;-;-
Автотранспорт;Автомобиль специальный;Камаз_спец_е723еа_084059;11 267,6;11 671,0;-403,4;0,03456314880;1 789,0;1 311,65;203,67;1 108,0;-5,440195035461;3 687,0;8 106,6;-4 419,6;0,5451837213519;3 543,1;6 772,0;-3 228,9;0,4768015357354;Нет ДО;0,0;-;-
Автотранспорт;Бортовой;Камаз_борт_у003ан_083495;11 904,9;12 004,0;-99,1;0,00825943203;1 221,0;930,67;243,25;687,4;-2,825971223022;1 891,3;5 667,3;-3 776,0;0,6662802413129;1 952,3;5 187,0;-3 234,7;0,6236167341431;Нет ДО;0,0;-;-
Автотранспорт;Бортовой;Камаз_борт_у095ан_083504;12 274,5;12 184,0;90,5;-0,00742558079;1 535,0;982,92;210,18;772,7;-3,676498030820;3 115,0;5 935,3;-2 820,3;0,4751739591933;3 039,6;4 872,0;-1 832,4;0,3761083743842;Нет ДО;0,0;-;-
Автотранспорт;Автобус;КамАЗ_у328ув_083742;11 696,2;12 284,8;-588,6;0,04791414157;1 906,4;826,28;501,00;325,3;-0,649251497006;201,5;6 919,7;-6 718,2;0,9708801731409;0,0;6 925,2;-6 925,2;1,0000000000000;Нет ДО;0,0;-;-
Автотранспорт;Бортовой;Камаз_борт_р558ре_081368;12 259,2;13 334,0;-1 074,8;0,08060754211;2 737,0;1 723,25;213,52;1 509,7;-7,070814144095;4 930,9;9 605,1;-4 674,2;0,4866346349056;5 002,0;7 634,0;-2 632,0;0,3447733822374;Нет ДО;0,0;-;-
Автотранспорт;Автобус;КамАЗ_вахта_м122хн_085058;11 991,1;14 365,0;-2 373,9;0,16525675234;2 454,8;1 531,62;641,00;890,6;-1,389416276651;1 136,5;8 347,1;-7 210,6;0,8638453631549;673,4;8 379,9;-7 706,5;0,9196414187587;Нет ДО;0,0;-;-
Автотранспорт;Бортовой;Газ_груз_е216ех_084805;14 724,0;14 664,0;60,0;-0,00409315832;1 969,0;1 810,04;195,78;1 614,3;-8,245098039216;2 517,7;4 880,0;-2 362,3;0,4840778688525;2 506,8;3 902,0;-1 395,2;0,3575602255254;Нет ДО;0,0;-;-
Автотранспорт;Автобус;Камаз_вахта_м195хн_085056;16 542,2;14 788,3;1 753,9;-0,11859895917;3 020,7;1 886,22;520,00;1 366,2;-2,627348824786;3 476,8;9 989,9;-6 513,1;0,6519668457865;3 524,6;10 303,6;-6 779,0;0,6579251481626;Нет ДО;0,0;-;-
Автотранспорт;Бортовой;Газ_борт_к311тк_084882;15 678,1;14 826,0;852,1;-0,05747569680;1 917,0;1 443,78;132,33;1 311,4;-9,910144836272;3 088,0;4 984,8;-1 896,8;0,3805167709838;3 046,9;3 562,0;-515,1;0,1446097697923;Нет ДО;0,0;-;-
Автотранспорт;Автобус;Камаз_АВТОБУС_м254хн_085057;14 114,5;14 870,1;-755,6;0,05081263554;2 474,9;1 791,56;429,00;1 362,6;-3,176126003626;2 197,7;9 304,8;-7 107,1;0,7638113456961;1 581,9;9 248,7;-7 666,8;0,8289589597193;Нет ДО;0,0;-;-
Автотранспорт;Бортовой;Камаз_агп_е935км_084068;15 042,2;14 892,0;150,2;-0,01008532856;2 161,0;1 713,78;196,83;1 516,9;-7,706764041773;5 634,7;10 273,6;-4 638,9;0,4515349079873;5 378,7;7 499,0;-2 120,3;0,2827443659155;Нет ДО;0,0;-;-
Автотранспорт;Бортовой;Газ_борт_к755ху_084899;15 109,9;15 130,5;-20,6;0,00136126971;2 713,0;2 368,25;192,22;2 176,0;-11,320715916645;3 804,6;5 358,6;-1 554,0;0,2899971447606;3 872,9;3 199,0;673,9;-0,2106595811191;Нет ДО;0,0;-;-
Автотранспорт;Бортовой;КАМАЗ_агп_к839хс_084929;16 230,5;16 177,0;53,5;-0,00330908555;2 168,0;1 756,98;205,82;1 551,2;-7,536649391314;5 364,7;10 708,4;-5 343,7;0,4990194613574;5 145,1;8 050,0;-2 904,9;0,3608571428571;Нет ДО;0,0;-;-
Автотранспорт;Бортовой;Камаз_БОРТОВОЙ_к678хс_084909;14 294,2;16 614,0;-2 319,8;0,13962654622;1 817,4;740,02;602,83;137,2;-0,227577642614;0,0;7 360,4;-7 360,4;1,0000000000000;0,0;7 250,4;-7 250,4;1,0000000000000;Нет ДО;0,0;-;-
Автотранспорт;Бортовой;Камаз_борт_р473ко_081713;16 554,6;16 811,0;-256,4;0,01525013686;2 793,0;881,87;1 031,00;-149,1;0,144644897079;1 566,8;9 060,8;-7 494,0;0,8270790957521;1 907,2;9 430,6;-7 523,4;0,7977642944548;Нет ДО;0,0;-;-
Автотранспорт;Автобус;Камаз_вахта_у143ан_083520;17 802,7;17 721,0;81,7;-0,00461044475;2 094,0;1 506,11;216,67;1 289,4;-5,951271794872;4 558,6;8 474,8;-3 916,2;0,4620994005758;4 407,2;6 650,0;-2 242,8;0,3372631578947;Нет ДО;0,0;-;-
Автотранспорт;Бортовой;Газ_груз_е264ех_084818;18 053,2;17 862,0;191,2;-0,01070598419;2 604,0;2 126,04;208,98;1 917,1;-9,173242151155;3 484,4;5 863,9;-2 379,5;0,4057849167870;3 395,3;4 666,0;-1 270,7;0,2723317616802;Нет ДО;0,0;-;-
Автотранспорт;Автомобиль специальный;Камаз_агп_в670ух_084674;17 885,0;17 901,0;-16,0;0,00089438568;2 314,0;1 925,75;174,92;1 750,8;-10,009547403526;6 610,4;11 561,4;-4 951,0;0,4282353348210;6 442,5;8 310,0;-1 867,5;0,2247292418773;Нет ДО;0,0;-;-
Автотранспорт;Легковой;УАЗ Пикап_легк_е231он_084844;19 030,8;18 585,0;445,8;-0,02398458584;1 407,0;696,45;0,00;696,4;0,000000000000;976,8;3 269,1;-2 292,3;0,7012058217146;951,5;2 148,9;-1 197,4;0,5572153194658;Нет ДО;0,0;-;-
Автотранспорт;Бортовой;Газ_борт_к906ху_084924;18 689,5;18 722,0;-32,5;0,00173739260;2 346,0;1 698,00;171,60;1 526,4;-8,895095182595;3 488,6;5 664,3;-2 175,7;0,3841096548218;3 476,8;4 349,0;-872,2;0,2005518510002;Нет ДО;0,0;-;-
Автотранспорт;Бортовой;Газ_борт_к039тк_084881;19 718,9;18 873,0;845,9;-0,04481810522;2 362,0;1 783,00;228,13;1 554,9;-6,815608562244;2 928,3;5 286,4;-2 358,1;0,4460691585956;2 803,7;3 871,0;-1 067,3;0,2757168690261;Нет ДО;0,0;-;-
Автотранспорт;Автомобиль специальный;Камаз_спец_м332ур_085038;18 284,6;19 367,0;-1 082,4;0,05588713740;2 733,6;902,86;690,00;212,9;-0,308498389694;1 257,7;9 305,6;-8 047,9;0,8648447923460;1 540,2;9 824,3;-8 284,1;0,8432259502684;Нет ДО;0,0;-;-
Автотранспорт;Бортовой;Газ_борт_к767ху_084898;19 891,5;19 655,0;236,5;-0,01203150305;3 823,0;3 379,29;222,03;3 157,3;-14,219728018816;4 970,2;7 686,2;-2 716,0;0,3533605682912;4 971,8;5 586,0;-614,2;0,1099534550662;Нет ДО;0,0;-;-
Автотранспорт;Бортовой;Егерь_борт_в687аа_084048;20 388,6;20 319,0;69,6;-0,00342438888;4 025,0;2 886,03;224,10;2 661,9;-11,878326887798;4 708,0;7 440,6;-2 732,6;0,3672553288713;4 706,4;5 392,0;-685,6;0,1271513353116;Нет ДО;0,0;-;-
Автотранспорт;Автобус;Камаз_вахта_р567хр_081949;20 529,8;20 434,0;95,8;-0,00468706774;1 785,0;538,91;258,30;280,6;-1,086388566267;3 781,6;9 234,3;-5 452,7;0,5904833068018;3 694,1;6 971,0;-3 276,9;0,4700760292641;Нет ДО;0,0;-;-
Автотранспорт;Автомобиль специальный;Камаз_спец_м254ур_085039;22 274,4;23 667,0;-1 392,6;0,05884125245;2 908,0;1 086,18;690,00;396,2;-0,574171497585;1 800,5;10 453,5;-8 653,0;0,8277603779036;2 252,3;10 908,0;-8 655,7;0,7935177613413;Нет ДО;0,0;-;-
Автотранспорт;Легковой;Уаз Пикап_легк_е762ех_084801;25 026,8;25 034,0;-7,2;0,00028912240;2 490,0;1 572,69;378,47;1 194,2;-3,155433474253;3 585,4;5 066,6;-1 481,2;0,2923389683315;3 465,7;3 667,0;-201,3;0,0548950095446;Нет ДО;0,0;-;-
Автотранспорт;Легковой;Уаз__легк_у288ан_083546;25 660,4;25 881,0;-220,6;0,00852457348;1 949,0;763,55;303,13;460,4;-1,518854006305;62,6;4 234,7;-4 172,1;0,9852174405864;63,9;3 408,0;-3 344,1;0,9812500000000;Нет ДО;0,0;-;-
Автотранспорт;Скорая помощь;Газель_спец_е696ех_084808;29 781,1;31 020,0;-1 238,9;0,03993777516;1 616,0;818,57;117,35;701,2;-5,975420158121;2 681,7;3 838,5;-1 156,8;0,3013713618791;2 705,5;2 313,2;392,3;-0,1695716830074;Нет ДО;0,0;-;-